{
    "BUY-SIDE_EBITDA_DEC 2020": -1.0178883139619564e+19,
    "BUY-SIDE_EBITDA_DEC 2021": -1.351978979561369e+19,
    "BUY-SIDE_EBITDA_DEC 2022": -5.687073316060438e+19,
    "BUY-SIDE_Gross Income_DEC 2020": -7.033522765966352e+19,
    "BUY-SIDE_Gross Income_DEC 2021": -9.930354011815448e+19,
    "BUY-SIDE_Gross Income_DEC 2022": -3.03322476899579e+20,
    "BUY-SIDE_Net Debt_DEC 2020": -3.760544997341313e+18,
    "BUY-SIDE_Net Debt_DEC 2021": -5.940865227861924e+16,
    "BUY-SIDE_Net Debt_DEC 2022": -1.106700202359115e+17
}